<environment>
    <object position="min 930 350 0" orientation="0 0 0" shape="cuboid 20 250 4"
            material="concrete" fill-color="203 65 84" opacity="0.8"/>
    <object position="min 1250 350 0" orientation="0 0 0" shape="cuboid 40 240 4"
            material="concrete" fill-color="203 65 84" opacity="0.8"/>    
    <object position="min 185 436 0" orientation="0 0 0" shape="cuboid 265 10 4"
            material="concrete" fill-color="203 65 84" opacity="0.8"/>
    <object position="min 70 565 0" orientation="0 0 0" shape="cuboid 380 10 4"
            material="concrete" fill-color="203 65 84" opacity="0.8"/>
    <object position="min 70 670 0" orientation="0 0 0" shape="cuboid 370 10 4"
            material="concrete" fill-color="203 65 84" opacity="0.8"/>
    <object position="min 375 440 0" orientation="0 0 0" shape="cuboid 10 130 4"
            material="concrete" fill-color="203 65 84" opacity="0.8"/>
    <object position="min 520 185 0" orientation="0 0 0" shape="cuboid 20 400 4"
            material="concrete" fill-color="203 65 84" opacity="0.8"/>
    <object position="min 520 650 0" orientation="0 0 0" shape="cuboid 20 270 4"
            material="concrete" fill-color="203 65 84" opacity="0.8"/>
    <object position="min 520 580 0" orientation="0 0 0" shape="cuboid 410 20 4"
            material="concrete" fill-color="203 65 84" opacity="0.8"/>
    <object position="min 820 710 0" orientation="0 0 0" shape="cuboid 10 150 4"
            material="concrete" fill-color="203 65 84" opacity="0.8"/>
    <object position="min 930 695 0" orientation="0 0 0" shape="cuboid 20 220 4"
            material="concrete" fill-color="203 65 84" opacity="0.8"/>
    <object position="min 1250 655 0" orientation="0 0 0" shape="cuboid 450 10 4"
            material="concrete" fill-color="203 65 84" opacity="0.8"/>
    <object position="min 1250 525 0" orientation="0 0 0" shape="cuboid 340 10 4"
            material="concrete" fill-color="203 65 84" opacity="0.8"/>
    <object position="min 1525 533 0" orientation="0 0 0" shape="cuboid 70 45 4"
            material="concrete" fill-color="203 65 84" opacity="0.8"/>
    <object position="min 1660 570 0" orientation="0 0 0" shape="cuboid 50 15 4"
            material="concrete" fill-color="203 65 84" opacity="0.8"/>
    <object position="min 1690 570 0" orientation="0 0 0" shape="cuboid 20 90 4"
            material="concrete" fill-color="203 65 84" opacity="0.8"/>
    <object position="min 1570 75 0" orientation="0 0 0" shape="cuboid 10 365 4"
            material="concrete" fill-color="203 65 84" opacity="0.8"/>
    <object position="min 1560 440 0" orientation="0 0 0" shape="cuboid 160 10 4"
            material="concrete" fill-color="203 65 84" opacity="0.8"/>
    <object position="min 1780 440 0" orientation="0 0 0" shape="cuboid 150 10 4"
            material="concrete" fill-color="203 65 84" opacity="0.8"/>
    <object position="min 1908 170 0" orientation="0 0 0" shape="cuboid 30 280 4"
            material="concrete" fill-color="203 65 84" opacity="0.8"/>
    <object position="min 1908 502 0" orientation="0 0 0" shape="cuboid 30 85 4"
            material="concrete" fill-color="203 65 84" opacity="0.8"/>
    <object position="min 2217 160 0" orientation="0 0 0" shape="cuboid 20 200 4"
            material="concrete" fill-color="203 65 84" opacity="0.8"/>
    <object position="min 2217 415 0" orientation="0 0 0" shape="cuboid 20 35 4"
            material="concrete" fill-color="203 65 84" opacity="0.8"/>
    <object position="min 2145 520 0" orientation="0 0 0" shape="cuboid 10 120 4"
            material="concrete" fill-color="203 65 84" opacity="0.8"/>
    <object position="min 2135 520 0" orientation="0 0 0" shape="cuboid 150 10 4"
            material="concrete" fill-color="203 65 84" opacity="0.8"/>
    <object position="min 2215 435 0" orientation="0 0 0" shape="cuboid 170 10 4"
            material="concrete" fill-color="203 65 84" opacity="0.8"/>
    <object position="min 2382 435 0" orientation="0 0 0" shape="cuboid 10 95 4"
            material="concrete" fill-color="203 65 84" opacity="0.8"/>
    <object position="min 2382 520 0" orientation="0 0 0" shape="cuboid 400 10 4"
            material="concrete" fill-color="203 65 84" opacity="0.8"/>
    <object position="min 2272 580 0" orientation="0 0 0" shape="cuboid 10 95 4"
            material="concrete" fill-color="203 65 84" opacity="0.8"/>
    <object position="min 2500 580 0" orientation="0 0 0" shape="cuboid 10 80 4"
            material="concrete" fill-color="203 65 84" opacity="0.8"/>
    <object position="min 2500 625 0" orientation="0 0 0" shape="cuboid 145 10 4"
            material="concrete" fill-color="203 65 84" opacity="0.8"/>
    <object position="min 2642 625 0" orientation="0 0 0" shape="cuboid 10 75 4"
            material="concrete" fill-color="203 65 84" opacity="0.8"/>


</environment>